ID,PROTEINA,ESTANDAR,RATIO,CLASE
1,2745841,15534255,0.1767603918,control
2,9846175,29061347,0.3388065598,control
3,12047640,26511104,0.4544375066,control
4,7699175,13654125,0.5638717237,control
5,15736347,25313468,0.621659071,etanol
6,36580711,28468640,1.2849476125,etanol
7,25436296,33435418,0.7607590251,etanol
8,30378246,32975832,0.9212275827,etanol
